<?xml version="1.0" encoding="ISO-8859-1"?><pnml>
    <net id="Net-One" type="P/T net">
        <token id="Default" enabled="true" red="0" green="0" blue="0"/>
        <place id="equipment">
            <graphics>
                <position x="115.9090909090909" y="300.0"/>
            </graphics>
            <name>
                <value>equipment</value>
                <graphics>
                    <offset x="0.0" y="0.0"/>
                </graphics>
            </name>
            <initialMarking>
                <value>Default,1</value>
                <graphics>
                    <offset x="0.0" y="0.0"/>
                </graphics>
            </initialMarking>
            <capacity>
                <value>0</value>
            </capacity>
        </place>
        <place id="P11">
            <graphics>
                <position x="690.0" y="420.0"/>
            </graphics>
            <name>
                <value>P11</value>
                <graphics>
                    <offset x="0.0" y="0.0"/>
                </graphics>
            </name>
            <initialMarking>
                <value>Default,0</value>
                <graphics>
                    <offset x="0.0" y="0.0"/>
                </graphics>
            </initialMarking>
            <capacity>
                <value>1</value>
            </capacity>
        </place>
        <place id="P4">
            <graphics>
                <position x="405.0" y="330.0"/>
            </graphics>
            <name>
                <value>P4</value>
                <graphics>
                    <offset x="0.0" y="0.0"/>
                </graphics>
            </name>
            <initialMarking>
                <value>Default,0</value>
                <graphics>
                    <offset x="0.0" y="0.0"/>
                </graphics>
            </initialMarking>
            <capacity>
                <value>0</value>
            </capacity>
        </place>
        <place id="P6">
            <graphics>
                <position x="555.0" y="330.0"/>
            </graphics>
            <name>
                <value>P6</value>
                <graphics>
                    <offset x="0.0" y="0.0"/>
                </graphics>
            </name>
            <initialMarking>
                <value>Default,0</value>
                <graphics>
                    <offset x="0.0" y="0.0"/>
                </graphics>
            </initialMarking>
            <capacity>
                <value>0</value>
            </capacity>
        </place>
        <place id="P7">
            <graphics>
                <position x="675.0" y="330.0"/>
            </graphics>
            <name>
                <value>P7</value>
                <graphics>
                    <offset x="0.0" y="0.0"/>
                </graphics>
            </name>
            <initialMarking>
                <value>Default,0</value>
                <graphics>
                    <offset x="0.0" y="0.0"/>
                </graphics>
            </initialMarking>
            <capacity>
                <value>0</value>
            </capacity>
        </place>
        <place id="P8">
            <graphics>
                <position x="796.3636363636364" y="330.0"/>
            </graphics>
            <name>
                <value>P8</value>
                <graphics>
                    <offset x="0.0" y="0.0"/>
                </graphics>
            </name>
            <initialMarking>
                <value>Default,0</value>
                <graphics>
                    <offset x="0.0" y="0.0"/>
                </graphics>
            </initialMarking>
            <capacity>
                <value>0</value>
            </capacity>
        </place>
        <place id="P9">
            <graphics>
                <position x="480.0" y="273.75"/>
            </graphics>
            <name>
                <value>P9</value>
                <graphics>
                    <offset x="0.0" y="0.0"/>
                </graphics>
            </name>
            <initialMarking>
                <value>Default,0</value>
                <graphics>
                    <offset x="0.0" y="0.0"/>
                </graphics>
            </initialMarking>
            <capacity>
                <value>0</value>
            </capacity>
        </place>
        <place id="ready">
            <graphics>
                <position x="255.0" y="300.0"/>
            </graphics>
            <name>
                <value>ready</value>
                <graphics>
                    <offset x="28.0" y="-8.0"/>
                </graphics>
            </name>
            <initialMarking>
                <value>Default,0</value>
                <graphics>
                    <offset x="0.0" y="0.0"/>
                </graphics>
            </initialMarking>
            <capacity>
                <value>0</value>
            </capacity>
        </place>
        <transition id="Apply for repairing">
            <graphics>
                <position x="195.0" y="300.0"/>
            </graphics>
            <name>
                <value>Apply for repairing</value>
                <graphics>
                    <offset x="31.0" y="43.0"/>
                </graphics>
            </name>
            <orientation>
                <value>0</value>
            </orientation>
            <rate>
                <value>1.0</value>
            </rate>
            <timed>
                <value>true</value>
            </timed>
            <infiniteServer>
                <value>false</value>
            </infiniteServer>
            <priority>
                <value>1</value>
            </priority>
        </transition>
        <transition id="Assemble">
            <graphics>
                <position x="916.3636363636364" y="330.0"/>
            </graphics>
            <name>
                <value>Assemble</value>
                <graphics>
                    <offset x="-5.0" y="35.0"/>
                </graphics>
            </name>
            <orientation>
                <value>0</value>
            </orientation>
            <rate>
                <value>1.0</value>
            </rate>
            <timed>
                <value>true</value>
            </timed>
            <infiniteServer>
                <value>false</value>
            </infiniteServer>
            <priority>
                <value>1</value>
            </priority>
        </transition>
        <transition id="Decompose">
            <graphics>
                <position x="405.0" y="405.0"/>
            </graphics>
            <name>
                <value>Decompose</value>
                <graphics>
                    <offset x="-5.0" y="35.0"/>
                </graphics>
            </name>
            <orientation>
                <value>0</value>
            </orientation>
            <rate>
                <value>1.0</value>
            </rate>
            <timed>
                <value>true</value>
            </timed>
            <infiniteServer>
                <value>false</value>
            </infiniteServer>
            <priority>
                <value>1</value>
            </priority>
        </transition>
        <transition id="Move up to ground">
            <graphics>
                <position x="480.0" y="330.0"/>
            </graphics>
            <name>
                <value>Move up to ground</value>
                <graphics>
                    <offset x="58.0" y="48.0"/>
                </graphics>
            </name>
            <orientation>
                <value>0</value>
            </orientation>
            <rate>
                <value>1.0</value>
            </rate>
            <timed>
                <value>true</value>
            </timed>
            <infiniteServer>
                <value>false</value>
            </infiniteServer>
            <priority>
                <value>1</value>
            </priority>
        </transition>
        <transition id="Repair">
            <graphics>
                <position x="615.0" y="330.0"/>
            </graphics>
            <name>
                <value>Repair</value>
                <graphics>
                    <offset x="25.0" y="46.0"/>
                </graphics>
            </name>
            <orientation>
                <value>0</value>
            </orientation>
            <rate>
                <value>1.0</value>
            </rate>
            <timed>
                <value>true</value>
            </timed>
            <infiniteServer>
                <value>false</value>
            </infiniteServer>
            <priority>
                <value>1</value>
            </priority>
        </transition>
        <transition id="Repair in mine">
            <graphics>
                <position x="375.0" y="270.0"/>
            </graphics>
            <name>
                <value>Repair in mine</value>
                <graphics>
                    <offset x="46.886363636363654" y="-16.95454545454545"/>
                </graphics>
            </name>
            <orientation>
                <value>0</value>
            </orientation>
            <rate>
                <value>1.0</value>
            </rate>
            <timed>
                <value>true</value>
            </timed>
            <infiniteServer>
                <value>false</value>
            </infiniteServer>
            <priority>
                <value>1</value>
            </priority>
        </transition>
        <transition id="Repair on the ground">
            <graphics>
                <position x="345.0" y="330.0"/>
            </graphics>
            <name>
                <value>Repair on the ground</value>
                <graphics>
                    <offset x="57.0" y="47.0"/>
                </graphics>
            </name>
            <orientation>
                <value>0</value>
            </orientation>
            <rate>
                <value>1.0</value>
            </rate>
            <timed>
                <value>true</value>
            </timed>
            <infiniteServer>
                <value>false</value>
            </infiniteServer>
            <priority>
                <value>1</value>
            </priority>
        </transition>
        <transition id="Take down to mine">
            <graphics>
                <position x="735.0" y="330.0"/>
            </graphics>
            <name>
                <value>Take down to mine</value>
                <graphics>
                    <offset x="45.0" y="46.0"/>
                </graphics>
            </name>
            <orientation>
                <value>0</value>
            </orientation>
            <rate>
                <value>1.0</value>
            </rate>
            <timed>
                <value>true</value>
            </timed>
            <infiniteServer>
                <value>false</value>
            </infiniteServer>
            <priority>
                <value>1</value>
            </priority>
        </transition>
        <arc id="Apply for repairing to ready" source="Apply for repairing" target="ready">
            <graphics/>
            <inscription>
                <value>Default,1</value>
                <graphics/>
            </inscription>
            <tagged>
                <value>false</value>
            </tagged>
            <arcpath id="000" x="210" y="311" curvePoint="false"/>
            <arcpath id="001" x="251" y="310" curvePoint="false"/>
            <type value="normal"/>
        </arc>
        <arc id="Assemble to P8" source="Assemble" target="P8">
            <graphics/>
            <inscription>
                <value>Default,1</value>
                <graphics/>
            </inscription>
            <tagged>
                <value>false</value>
            </tagged>
            <arcpath id="000" x="922" y="336" curvePoint="false"/>
            <arcpath id="001" x="890" y="308" curvePoint="false"/>
            <arcpath id="002" x="821" y="335" curvePoint="false"/>
            <type value="normal"/>
        </arc>
        <arc id="Decompose to P11" source="Decompose" target="P11">
            <graphics/>
            <inscription>
                <value>Default,1</value>
                <graphics/>
            </inscription>
            <tagged>
                <value>false</value>
            </tagged>
            <arcpath id="000" x="420" y="416" curvePoint="false"/>
            <arcpath id="001" x="686" y="430" curvePoint="false"/>
            <type value="normal"/>
        </arc>
        <arc id="Decompose to P4" source="Decompose" target="P4">
            <graphics/>
            <inscription>
                <value>Default,1</value>
                <graphics/>
            </inscription>
            <tagged>
                <value>false</value>
            </tagged>
            <arcpath id="000" x="417" y="401" curvePoint="false"/>
            <arcpath id="001" x="416" y="356" curvePoint="false"/>
            <type value="normal"/>
        </arc>
        <arc id="equipment to Apply for repairing" source="equipment" target="Apply for repairing">
            <graphics/>
            <inscription>
                <value>Default,1</value>
                <graphics/>
            </inscription>
            <tagged>
                <value>false</value>
            </tagged>
            <arcpath id="000" x="141" y="311" curvePoint="false"/>
            <arcpath id="001" x="200" y="311" curvePoint="false"/>
            <type value="normal"/>
        </arc>
        <arc id="Move up to ground to P6" source="Move up to ground" target="P6">
            <graphics/>
            <inscription>
                <value>Default,1</value>
                <graphics/>
            </inscription>
            <tagged>
                <value>false</value>
            </tagged>
            <arcpath id="000" x="496" y="341" curvePoint="false"/>
            <arcpath id="001" x="551" y="340" curvePoint="false"/>
            <type value="normal"/>
        </arc>
        <arc id="P11 to Assemble" source="P11" target="Assemble">
            <graphics/>
            <inscription>
                <value>Default,1</value>
                <graphics/>
            </inscription>
            <tagged>
                <value>false</value>
            </tagged>
            <arcpath id="000" x="701" y="446" curvePoint="false"/>
            <arcpath id="001" x="701" y="431" curvePoint="false"/>
            <arcpath id="002" x="921" y="350" curvePoint="false"/>
            <type value="normal"/>
        </arc>
        <arc id="P4 to Decompose" source="P4" target="Decompose">
            <graphics/>
            <inscription>
                <value>Default,1</value>
                <graphics/>
            </inscription>
            <tagged>
                <value>false</value>
            </tagged>
            <arcpath id="000" x="416" y="356" curvePoint="false"/>
            <arcpath id="001" x="417" y="401" curvePoint="false"/>
            <type value="normal"/>
        </arc>
        <arc id="P4 to Move up to ground" source="P4" target="Move up to ground">
            <graphics/>
            <inscription>
                <value>Default,1</value>
                <graphics/>
            </inscription>
            <tagged>
                <value>false</value>
            </tagged>
            <arcpath id="000" x="430" y="341" curvePoint="false"/>
            <arcpath id="001" x="486" y="341" curvePoint="false"/>
            <type value="normal"/>
        </arc>
        <arc id="P6 to Repair" source="P6" target="Repair">
            <graphics/>
            <inscription>
                <value>Default,1</value>
                <graphics/>
            </inscription>
            <tagged>
                <value>false</value>
            </tagged>
            <arcpath id="000" x="580" y="341" curvePoint="false"/>
            <arcpath id="001" x="620" y="341" curvePoint="false"/>
            <type value="normal"/>
        </arc>
        <arc id="P7 to Take down to mine" source="P7" target="Take down to mine">
            <graphics/>
            <inscription>
                <value>Default,1</value>
                <graphics/>
            </inscription>
            <tagged>
                <value>false</value>
            </tagged>
            <arcpath id="000" x="700" y="341" curvePoint="false"/>
            <arcpath id="001" x="740" y="341" curvePoint="false"/>
            <type value="normal"/>
        </arc>
        <arc id="P8 to Assemble" source="P8" target="Assemble">
            <graphics/>
            <inscription>
                <value>Default,1</value>
                <graphics/>
            </inscription>
            <tagged>
                <value>false</value>
            </tagged>
            <arcpath id="000" x="822" y="341" curvePoint="false"/>
            <arcpath id="001" x="922" y="342" curvePoint="false"/>
            <type value="normal"/>
        </arc>
        <arc id="ready to Repair in mine" source="ready" target="Repair in mine">
            <graphics/>
            <inscription>
                <value>Default,1</value>
                <graphics/>
            </inscription>
            <tagged>
                <value>false</value>
            </tagged>
            <arcpath id="000" x="280" y="307" curvePoint="false"/>
            <arcpath id="001" x="380" y="281" curvePoint="false"/>
            <type value="normal"/>
        </arc>
        <arc id="ready to Repair on the ground" source="ready" target="Repair on the ground">
            <graphics/>
            <inscription>
                <value>Default,1</value>
                <graphics/>
            </inscription>
            <tagged>
                <value>false</value>
            </tagged>
            <arcpath id="000" x="280" y="315" curvePoint="false"/>
            <arcpath id="001" x="351" y="337" curvePoint="false"/>
            <type value="normal"/>
        </arc>
        <arc id="Repair in mine to P9" source="Repair in mine" target="P9">
            <graphics/>
            <inscription>
                <value>Default,1</value>
                <graphics/>
            </inscription>
            <tagged>
                <value>false</value>
            </tagged>
            <arcpath id="000" x="390" y="281" curvePoint="false"/>
            <arcpath id="001" x="476" y="284" curvePoint="false"/>
            <type value="normal"/>
        </arc>
        <arc id="Repair on the ground to P4" source="Repair on the ground" target="P4">
            <graphics/>
            <inscription>
                <value>Default,1</value>
                <graphics/>
            </inscription>
            <tagged>
                <value>false</value>
            </tagged>
            <arcpath id="000" x="360" y="341" curvePoint="false"/>
            <arcpath id="001" x="401" y="340" curvePoint="false"/>
            <type value="normal"/>
        </arc>
        <arc id="Repair to P7" source="Repair" target="P7">
            <graphics/>
            <inscription>
                <value>Default,1</value>
                <graphics/>
            </inscription>
            <tagged>
                <value>false</value>
            </tagged>
            <arcpath id="000" x="630" y="341" curvePoint="false"/>
            <arcpath id="001" x="671" y="340" curvePoint="false"/>
            <type value="normal"/>
        </arc>
        <arc id="Take down to mine to P8" source="Take down to mine" target="P8">
            <graphics/>
            <inscription>
                <value>Default,1</value>
                <graphics/>
            </inscription>
            <tagged>
                <value>false</value>
            </tagged>
            <arcpath id="000" x="750" y="341" curvePoint="false"/>
            <arcpath id="001" x="792" y="340" curvePoint="false"/>
            <type value="normal"/>
        </arc>
    </net>
</pnml>
